ID,Time,Summary,Event_team,Opponent,Side,playerno,Player,Player2,Shot_place,Shot_outcome,is_goal,Location,Body_Part,assist_method,Situation,fastbreak,x,y,,,,,,,,,,,,,
1,0:22," Shot by David Paine, saved by goalie. (left foot shot from a difficult angle on the left side to the top left corner; open play, not fast break)",Occidental,Biola,1,5,David Paine,,12,1,0,7,2,0,1,0,2,2,,,,,,,,,,,,,
1,2:01,"Shot by Adrian Paredes, saved by goalie (right foot from very close range to the center of goal; off of a corner)",Occidental,Biola,1,14,Adrian Paredes,,5,1,0,13,1,0,3,0,12,2,,,,,,,,,,,,,
1,6:19,"Shot by Adrian Paredes, misses high. (right foot shot from outside the box is a bit too high; open play, not a fast break)",Occidental,Biola,1,14,Adrian Paredes,,1,2,0,15,1,0,1,0,13,10,,,,,,,,,,,,,
1,8:11,"Shot by Leo Thompson, saved by goalie. (right foot free kick from outside the box to the center of the goal; set piece, not a fast break, not a goal) ",Biola,Occidental,2,0,Leo Thompson,,5,1,0,15,1,0,4,0,13,10,,,,,,,,,,,,,
1,50:21:00,"Shot by James Kilgallon, saved by goalie. (right foot shot from the left side of the box, blocked to the left of goal by keeper; open play, not a fast break)",Biola,Occidental,2,0,James Kilgallon,,8,1,0,9,1,0,1,0,7,5,,,,,,,,,,,,,
1,52:49:00,"Shot by Nicolas Eble, hits the woodwork (post). (left foot shot from the left side of the box to the bottom left corner; open play, fast break) ",Occidental,Biola,1,6,Nicolas Eble,,3,4,0,9,2,0,1,1,7,5,,,,,,,,,,,,,
1,53:59:00,"Shot by Henry Reeves, blocked. (left foot shot from the left side of the box, blocked by defender; open play, not a fast break)",Biola,Occidental,2,0,Henry Reeves,,2,3,0,9,2,0,1,0,7,5,,,,,,,,,,,,,
1,55:34:00,"Shot by Adrian Paredes, saved by goalie. (header from the left side of the box, to the center of the goal; corner, not a fast break)",Occidental,Biola,1,14,Adrian Paredes,,5,1,0,9,3,0,3,0,7,5,,,,,,,,,,,,,
1,58:32:00,"Goal by Adrian Paredes, assist David Paine. (right foot shot from very close range to the center of the goal; open play, not a fast break)",Occidental,Biola,1,14,Adrian Paredes,David Paine,5,1,1,13,1,1,1,0,12,2,,,,,,,,,,,,,
1,67:40:00,"Goal Jack Meeker, penalty kick. (right foot shot to the center of the goal)",Occidental,Biola,1,13,Jack Meeker,,5,1,1,14,1,0,3,0,12.5,6,,,,,,,,,,,,,
1,84:40:00,"Goal by Jack Kilgallon. (right foot shot from the center of the box to the center of the goal; open play, fast break)",Biola,Occidental,2,0,Jack Kilgallon,,5,1,1,3,1,0,1,1,12,7,,,,,,,,,,,,,
1,86:07:00,"Shot by Ben Tucker, missed. (right foot shot from the center of the box, a bit too high; corner, not a fast break)",Occidental,Biola,1,27,Ben Tucker,,1,2,0,3,1,0,3,0,12,7,,,,,,,,,,,,,
1,89:38:00,"Shot by James Kilgallon, saved by goalie. (left foot shot from the right side of the box, to the bottom right corner; open play, not a fast break)",Biola,Occidental,2,0,James Kilgallon,,4,1,0,11,2,0,1,0,18,5,,,,,,,,,,,,,
2,3:28,"Goal by Jasper Brannon, assist Nicolas Eble. (right side of the 6-yd box, on target, bottom right corner, left foot, open play, not fast break)",Occidental,Pacific,1,10,Jasper Brannon,Nicolas Eble,4,1,1,11,2,1,1,0,18,5,,,,,,,,,,,,,
2,5:06,"Goal by Riley McCabe, assist Matthew Teplitz. (left side of the 6-yd box, on target, bottom left corner, head, corner, not fast break, cross)",Occidental,Pacific,1,2,Riley McCabe,Matthew Teplitz,3,1,1,10,3,2,3,0,10,2,,,,,,,,,,,,,
2,15:43,"Shot by Nicolas Eble, misses high. (outside of the box, off target, high and wide, right foot, open play, not a fast break)",Occidental,Pacific,1,6,Nicolas Eble,,6,2,0,15,1,0,1,0,13,10,,,,,,,,,,,,,
2,19:26,"Shot by Spencer Shearer misses high, cross Matthew Teplitz. (center of the box, off target, head, open play, not a fast break, cross)",Occidental,Pacific,1,3,Spencer Shearer,Matthew Teplitz,10,2,0,3,3,2,3,0,12,7,,,,,,,,,,,,,
2,26:32:00,"Goal by David Paine, assist Jasper Brannon (right side of the box, on target, bottom left corner, head, open play, not a fast break, goal, cross)",Occidental,Pacific,1,5,David Paine,Jasper Brannon,3,1,1,11,3,2,1,0,18,5,,,,,,,,,,,,,
2,34:36:00,"Shot by Robert Nurmi misses wide right. (left wing/outside the box, right foot, not a fast break, no goal)",Pacific,Occidental,2,0,Robert Nurmi,,9,2,0,4,1,0,1,0,2,6,,,,,,,,,,,,,
2,29:53:00,"Shot by Logan Myers blocked. (outside the box, blocked, left foot, open play, not a fast break)",Occidental,Pacific,1,16,Logan Myers,,3,3,0,15,2,0,1,0,13,10,,,,,,,,,,,,,
2,36:44:00,"Goal by Woodey Greer (center of the box, on target, top center of the goal, head, open play, not a fast break, cross)",Pacific,Occidental,2,0,Woodey Greer,,3,1,1,3,2,4,1,0,12,7,,,,,,,,,,,,,
2,40:43:00,"Ryan Wilson, outside the box, off target, too high, right foot, free kick, not a fast break",Occidental,Pacific,1,4,Ryan Wilson,,10,2,0,15,1,0,4,0,13,10,,,,,,,,,,,,,
2,41:18:00," Logan Myers, assist Jasper Brannon, center of the box, on target, bottom left corner, left foot, open play, not a fast break, goal, through ball) ",Occidental,Pacific,1,16,Logan Myers,Jasper Brannon,3,1,1,3,2,4,1,0,12,7,,,,,,,,,,,,,
2,43:30:00,"Ryan Wilson, Matthew Anzalone, left wing, on target, top left corner, right foot, open play, not a fast break, goal, throw-in?",Occidental,Pacific,1,4,Ryan Wilson,Matthew Anzalone,12,1,1,4,1,0,1,0,2,6,,,,,,,,,,,,,
2,46:33:00,"Matthew Teplitz, outside the box, blocked, left foot, open play, not a fast break, no goal",Occidental,Pacific,1,7,Matthew Teplitz,,2,3,0,15,2,0,1,0,13,10,,,,,,,,,,,,,
2,49:31:00,"Jasper Brannon, Matthew Teplitz, left side of the 6-yd box, off target, to the right of the goal, right foot, open play, not a fast break, no goal, pass",Occidental,Pacific,1,10,Jasper Brannon,Matthew Teplitz,9,2,0,10,1,1,1,0,10,2,,,,,,,,,,,,,
2,53:15:00,"Jake Foster, Matthew Teplitz, very close range, off target, a bit too high, head, open play, not a fast break, no goal, cross",Occidental,Pacific,1,18,Jake Foster,Matthew Teplitz,1,2,0,13,3,2,1,0,12,2,,,,,,,,,,,,,
2,55:00:00," Cade Taniguchi, left side of the box from a difficult angle, on target, to the center of the goal, left foot, open play, fast break, no goal, through ball",Pacific,Occidental,2,0,Cade Taniguchi,,5,1,0,7,2,4,1,1,2,2,,,,,,,,,,,,,
2,56:26:00,"Nicolas Eble, Spencer Shearer, center of the box, on target, to the top left corner of the goal, head, open play, fast break, goal, cross",Occidental,Pacific,1,6,Nicolas Eble,Spencer Shearer,12,1,1,3,3,2,1,1,12,7,,,,,,,,,,,,,
2,74:50:00,"Teagan Jarvis, Ryan Wilson, center of the box, blocked, blocked, left foot, open play, not a fast break, no goal, pass",Occidental,Pacific,1,21,Teagan Jarvis,Ryan Wilson,2,3,0,3,2,1,1,0,12,7,,,,,,,,,,,,,
2,86:24:00,"Marcus Blumenfeld, Teagan Jarvis, left side of the box, off target, missed to the right of goal, right foot, open play, fast break, no goal, through ball",Occidental,Pacific,1,9,Marcus Blumenfeld,Tegan Jarvis,9,2,0,9,1,4,1,1,7,5,,,,,,,,,,,,,
3,4:20,"Gomez, left side of the box, blocked, blocked, left foot, open play, not a fast break, no goal",Concordia,Occidental,2,0,Gomez,,2,3,0,9,2,0,1,0,7,5,,,,,,,,,,,,,
3,8:22,"E. Guerrero, outside the box, on target, center of the goal, right foot, open play, fast break, no goal",Concordia,Occidental,2,0,E. Guerrero,,5,1,0,15,1,0,1,1,13,10,,,,,,,,,,,,,
3,9:29,"Riley McCabe, left side of the 6-yd box, off target, a bit too high, head, set piece (throw in), not a fast break, no goal",Occidental,Concordia,1,2,Riley McCabe,,1,2,0,10,3,0,2,0,10,2,,,,,,,,,,,,,
3,10:35,"Torres-Martinez, center of the box, off target, too high, right foot, open play, not a fast break, no goal",Concordia,Occidental,2,0,Torres-Martinez,,10,2,0,3,1,0,1,0,12,7,,,,,,,,,,,,,
3,17:28,"Abrego, outside the box, blocked, blocked, right foot, free kick, not a fast break, no goal",Concordia,Occidental,2,0,Abrego,,2,3,0,15,1,0,4,0,13,10,,,,,,,,,,,,,
3,18:29,"Nicolas Eble, left side of the box, on target, left side of the goal, head, open play, not a fast break, no goal, through ball",Occidental,Concordia,1,6,Nicolas Eble,,8,1,0,9,3,4,1,0,7,5,,,,,,,,,,,,,
3,31:26:00,"Adrian Paredes, Ryan Wilson, center of the box, on target, top center of the goal, head, set piece, not a fast break, no goal, pass",Occidental,Concordia,1,14,Adrian Paredes,Ryan Wilson,11,1,0,3,3,1,2,0,12,7,,,,,,,,,,,,,
3,31:51:00,"Sean Kim, Ryan Wilson, center of the box, on target, bottom right corner of the goal, head, corner, not a fast break, no goal, cross",Occidental,Concordia,1,12,Sean Kim,Ryan Wilson,4,1,0,3,3,2,3,0,12,7,,,,,,,,,,,,,
3,32:01:00,"David Paine, center of the box, off target, to the left of the goal, right foot, open play, not a fast break, no goal",Occidental,Concordia,1,5,David Paine,,8,2,0,3,1,0,1,0,12,7,,,,,,,,,,,,,
3,34:46:00,"Logan Myers, outside the box, on target, center of the goal, right foot, open play, not a fast break, no goal",Occidental,Concordia,1,16,Logan Myers,,5,1,0,15,1,0,1,0,13,10,,,,,,,,,,,,,
3,46:57:00,"Barrows, 25-yds+, off target, high and wide, right foot, open play, not a fast break, no goal ",Concordia,Occidental,2,0,Barrows,,6,2,0,17,1,0,1,0,13,17,,,,,,,,,,,,,
3,49:06:00,"Adrian Paredes, outside the box, on target, bottom left corner of the goal, right foot, free kick, not a fast break, no goal",Occidental,Concordia,1,14,Adrian Paredes,,3,1,0,15,1,0,4,0,13,10,,,,,,,,,,,,,
3,49:29:00,"Adrian Paredes, 25-yds+, off target, misses to the right of the goal, right foot, open play, not a fast break, no goal",Occidental,Concordia,1,14,Adrian Paredes,,9,2,0,17,1,0,1,0,13,17,,,,,,,,,,,,,
3,52:12:00,"David Paine, Matthew Teplitz, center of the box, off target, too high, right foot, corner, not a fast break, no goal, pass",Occidental,Concordia,1,5,David Paine,Matthew Teplitz,10,2,0,3,1,2,3,0,12,7,,,,,,,,,,,,,
3,61:44:00,"Abrego, outside the box, on target, bottom right corner of the goal, right foot, open play, not a fast break, no goal",Concordia,Occidental,2,0,Abrego,,4,1,0,15,1,0,1,0,13,10,,,,,,,,,,,,,
3,66:35:00,"Adrian Paredes, Jasper Brannon, center of the box, off target, a bit too high, head, set piece, not a fast break, no goal, throw in",Occidental,Concordia,1,14,Adrian Paredes,Jasper Brannon,1,2,0,3,3,0,2,0,12,7,,,,,,,,,,,,,
3,72:54:00,"Adrian Paredes, Matthew Teplitz, center of the box, off target, to the right of the goal, head, corner, not a fast break, no goal, cross",Occidental,Concordia,1,14,Adrian Paredes,Matthew Teplitz,9,2,0,3,3,2,3,0,12,7,,,,,,,,,,,,,
3,73:26:00,"Adrian Paredes, Jack Meeker, right side of the box, off target, high and wide, head, open play, not a fast break, no goal, cross",Occidental,Concordia,1,14,Adrian Paredes,Jack Meeker,6,2,0,11,3,2,1,0,18,5,,,,,,,,,,,,,
3,82:43:00,"Joey Schwartz, Matthew Teplitz, right side of the box, blocked, blocked, right foot, open play, fast break, no goal, cross",Occidental,Concordia,1,19,Joey Schwartz,Matthew Teplitz,2,3,0,11,1,2,1,1,18,5,,,,,,,,,,,,,
3,87:02:00,"Nicolas Eble, right side at a difficult angle, on target bottom left corner of the goal, right foot, open play, not a fast break, no goal",Occidental,Concordia,1,6,Nicolas Eble,,3,1,0,8,1,0,1,0,23,2,,,,,,,,,,,,,
3,100:30:00,"Joey Schwartz, right side of the box, on target, center of the goal, right foot, open play, not a fast break, no goal, pass",Occidental,Concordia,1,19,Joey Schwartz,,5,1,0,11,1,1,1,0,18,5,,,,,,,,,,,,,
3,101:44:00,"Nicolas Eble, center of the box, off target, too high right foot, set piece, not a fast break, no goal, pass ",Occidental,Concordia,1,6,Nicolas Eble,,10,2,0,3,1,1,2,0,12,7,,,,,,,,,,,,,
3,104:37:00,"Gomez, outside the box, on target, to the right of the goal, left foot, open play, not a fast break, no goal",Concordia,Occidental,2,0,Gomez,,9,1,0,15,1,0,1,0,13,10,,,,,,,,,,,,,
3,105:00:00,"Adrian Paredes, outside the box, off target, to the left of the goal, right foot, open play, not a fast break, no goal",Occidental,Concordia,1,14,Adrian Paredes,,8,2,0,15,1,0,1,0,13,10,,,,,,,,,,,,,
3,109:41:00,"Jack Meeker, outside the box, off target, to the right of the goal, right foot, free kick, not a fast break, no goal",Occidental,Concordia,1,13,Jack Meeker,,9,2,0,15,1,0,4,0,13,10,,,,,,,,,,,,,
4,6:26,"Nicolas Eble, Jasper Brannon, left side of the box, on target, bottom right corner of the goal, right foot, open play, not a fast break, goal, through ball",Occidental,St. Katherine,1,6,Nicolas Eble,Jasper Brannon,4,1,1,9,1,4,1,0,7,5,,,,,,,,,,,,,
4,14:23,"Nicolas Eble, outside the box, off target, to the right of the goal, right foot, open play, not a fast break, no goal",Occidental,St. Katherine,1,6,Nicolas Eble,,9,2,0,15,1,0,1,0,13,10,,,,,,,,,,,,,
4,16:54,"Nicolas Eble, outside the box, on target, center of the goal, right foot, open play, not a fast break, no goal",Occidental,St. Katherine,1,6,Nicolas Eble,,5,1,0,15,1,0,1,0,13,10,,,,,,,,,,,,,
4,18:54,"K. Martin, right side of the box, on target, center of the goal, left foot, open play, not a fast break, no goal",St. Katherine,Occidental,2,0,K. Martin,,5,1,0,11,2,0,1,0,18,5,,,,,,,,,,,,,
4,23:31,"Miles Robertson, Nicolas Eble, center of the box, on target, center of the goal, left foot, open play, not a fast break, no goal, through ball",Occidental,St. Katherine,1,23,Miles Robertson,Nicolas Eble,5,1,0,3,2,4,1,0,12,7,,,,,,,,,,,,,
4,29:32:00,"Nicolas Eble, outside the box, off target, to the left of the goal, left foot, open play, not a fast break, no goal",Occidental,St. Katherine,1,6,Nicolas Eble,,8,2,0,15,2,0,1,0,13,10,,,,,,,,,,,,,
4,26:41:00,"Koch, very close range, off target, too high, left foot, set piece, not a fast break, no goal, through ball",St. Katherine,Occidental,2,0,Koch,,10,2,0,13,2,4,2,0,12,2,,,,,,,,,,,,,
4,30:19:00,"Marcus Blumenfeld, Nicolas Eble, very close range, on target, center of the goal, right foot, open play, not a fast break, no goal, through ball. ",Occidental,St. Katherine,1,9,Marcus Blumenfeld,Nicolas Eble,5,1,0,13,1,4,1,0,12,2,,,,,,,,,,,,,
4,36:03:00,"Marcus Blumenfeld, outside the box, blocked, blocked, left foot, open play, not a fast break, no goal",Occidental,St. Katherine,1,9,Marcus Blumenfeld,,2,3,0,15,2,0,1,0,13,10,,,,,,,,,,,,,
4,39:09:00,"Logan Myers, outside the box, on target, center of the goal, left foot, open play, not a fast break, no goal",Occidental,St. Katherine,1,16,Logan Myers,,5,1,0,15,2,0,1,0,13,10,,,,,,,,,,,,,
4,43:27:00,"Tyler Wray, Logan Myers, right side of the box, on target, top right corner of the goal, head, corner, not a fast break, goal, cross",Occidental,St. Katherine,1,17,Tyler Wray,Logan Myers,13,1,1,11,3,2,3,0,18,5,,,,,,,,,,,,,
4,50:17:00,"Matthew Teplitz, Logan Myers, very close range, on target, bottom right corner of the goal, left foot, open play, fast break, goal, through ball",Occidental,St. Katherine,1,7,Matthew Teplitz,Logan Myers,4,1,1,13,2,4,1,1,12,2,,,,,,,,,,,,,
4,54:34:00,"Jack Meeker, Matthew Teplitz, outside the box, on target, bottom right corner of the goal, right foot, open play, not a fast break, goal, pass",Occidental,St. Katherine,1,13,Jack Meeker,Matthew Teplitz,4,1,1,15,1,1,1,0,13,10,,,,,,,,,,,,,
4,55:51:00,"Nicolas Eble, Riley McCabe, left side of the box, off target, too high, left foot, set piece, not a fast break, no goal, headed pass ",Occidental,St. Katherine,1,6,Nicolas Eble,Riley McCabe,10,2,0,9,2,3,2,0,7,5,,,,,,,,,,,,,
4,58:23:00,"Matthew Teplitz, left side of the box, off target, to the right of the goal, left foot, open play, fast break, no goal",Occidental,St. Katherine,1,7,Matthew Teplitz,,9,2,0,9,2,0,1,1,7,5,,,,,,,,,,,,,
4,63:38:00,"Ben Tucker, Jack Meeker, left side of the box, on target, center of the goal, left foot, corner, not a fast break, no goal, cross",Occidental,St. Katherine,1,27,Ben Tucker,Jack Meeker,5,1,0,9,2,2,3,0,7,5,,,,,,,,,,,,,
4,65:29:00,"Spencer Shearer, outside the box, hit the woodwork, bottom left corner of the goal, right foot, open play, not a fast break, no goal",Occidental,St. Katherine,1,3,Spencer Shearer,,3,4,0,15,1,0,1,0,13,10,,,,,,,,,,,,,
4,70:35:00,"Marcus Blumenfeld, right side of the box, on target, bottom right corner of the goal, right foot, open play, not a fast break, no goal, through ball",Occidental,St. Katherine,1,9,Marcus Blumenfeld,,4,1,0,11,1,4,1,0,18,5,,,,,,,,,,,,,
4,72:02:00,"K. Calderon, left side at a difficult angle, off target, high and wide, left foot, open play, not a fast break, no goal",St. Katherine,Occidental,2,0,K. Calderon,,6,2,0,7,2,0,1,0,2,2,,,,,,,,,,,,,
4,73:20:00,"Tyler Wray, right wing, off target, high and wide, right foot, open play, not a fast break, no goal",Occidental,St. Katherine,1,17,Tyler Wray,,6,2,0,5,1,0,1,0,23,6,,,,,,,,,,,,,
4,79:05:00,"Marcus Blumenfeld, right side of the box, wide to the left of the goal, right foot, open play, fast break, no goal",Occidental,St. Katherine,1,9,Marcus Blumenfeld,,8,2,0,11,1,0,1,1,18,5,,,,,,,,,,,,,
4,82:12:00,"Tyler Wray, Jake Foster, center of the box, top center of the goal, right foot, open play, not a fast break, goal, cross",Occidental,St. Katherine,1,17,Tyler Wray,Jake Foster,11,1,1,3,1,2,1,0,12,7,,,,,,,,,,,,,
4,83:43:00,"Marcus Blumenfeld, Tyler Wray, right side of the box, top center of the goal, right foot, open play, fast break, goal, pass",Occidental,St. Katherine,1,9,Marcus Blumenfeld,Tyler Wray,11,1,1,11,1,1,1,1,18,5,,,,,,,,,,,,,
4,85:17:00,"Neython Streitz, Tyler Wray, center of the box, off target, to the right of the goal, right foot, open play, not a fast break, no goal, pass",Occidental,St. Katherine,1,25,Neython Streitz,Tyler Wray,9,2,0,3,1,1,1,0,12,7,,,,,,,,,,,,,
4,86:44:00,"Guillermo Purchese, outside the box, off target, high and wide, right foot, open play, not a fast break, no goal",Occidental,St. Katherine,1,100,Guillermo Purchese,,9,2,0,15,1,1,1,0,13,10,,,,,,,,,,,,,
4,88:32:00,"Guillermo Purchese, center of the box, on target, center of the goal, right foot, open play, not a fast break, no goal",Occidental,St. Katherine,1,100,Guillermo Purchese,,5,1,0,3,1,0,1,0,12,7,,,,,,,,,,,,,
5,8:15,"Adrian Paredes, 25-yds+, on target, center of the goal, right foot, open play, not a fast break, no goal",Occidental,George Fox,1,14,Adrian Paredes,,5,1,0,17,1,0,1,0,13,17,,,,,,,,,,,,,
5,14:36,"Adrian Paredes, Mattew Teplitz left side of the box at a difficult angle, off target, too high, head, set piece, not a fast break, no goal, cross",Occidental,George Fox,1,14,Adrian Paredes,Matthew Teplitz,10,2,0,7,3,2,2,0,2,2,,,,,,,,,,,,,
5,20:31:00,"Ben Tucker, Sean Kim, center of the box, off target, too high, head, set piece, not a fast break, no goal, throw in",Occidental,George Fox,1,27,Ben Tucker,Sean Kim,10,2,0,3,3,0,2,0,12,7,,,,,,,,,,,,,
5,23:45:00,"Adrian Paredes, Matthew Teplitz, left side of the 6-yd box, blocked, blocked, head, corner, not a fast break, no goal, cross",Occidental,George Fox,1,14,Adrian Paredes,Matthew Teplitz,3,3,0,10,3,2,2,0,10,2,,,,,,,,,,,,,
5,26:15:00,"Ben Simon, Matthew Teplitz, 25-yds+, on target, center of the goal, left foot, open play, not a fast break, no goal, pass",Occidental,George Fox,1,8,Ben Simon,Matthew Teplitz,5,1,0,17,2,1,1,0,13,17,,,,,,,,,,,,,
5,27:26:00,"Adrian Paredes, center of the box, on target, top left corner of the goal, head, set piece, not a fast break, no goal, throw in",Occidental,George Fox,1,14,Adrian Paredes,,12,1,0,3,3,0,2,0,12,7,,,,,,,,,,,,,
5,29:12:00,"Spencer Shearer, Joey Schwartz, outside the box, on target, bottom left corner of the goal, right foot, open play, fast break, no goal, pass",Occidental,George Fox,1,3,Spencer Shearer,Joey Schwartz,3,1,0,15,1,1,1,1,13,10,,,,,,,,,,,,,
5,32:24:00,"Marcus Blumenfeld, right wing, off target, high and wide, head, open play, not a fast break, no goal, cross",Occidental,George Fox,1,9,Marcus Blumenfeld,,6,2,0,5,3,2,1,0,23,6,,,,,,,,,,,,,
5,36:51:00,"Ryan Wilson, Ben Simon, center of the box, on target, to the left of the goal, head, open play, not a fast break, no goal, cross",Occidental,George Fox,1,4,Ryan Wilson,Ben Simon,8,1,0,3,3,2,1,0,12,7,,,,,,,,,,,,,
5,50:53:00,"Matthew Teplitz, left side of the box, off target, high and wide, left foot, set piece, not a fast break, no goal, throw in",Occidental,George Fox,1,7,Matthew Teplitz,,6,2,0,9,2,0,2,0,7,5,,,,,,,,,,,,,
5,51:23:00,"Jack Meeker, left side of the box, off target, bottom left corner of the goal, left foot, open play, fast break, no goal",Occidental,George Fox,1,13,Jack Meeker,,3,2,0,9,2,0,1,1,7,5,,,,,,,,,,,,,
5,52:30:00,"Ben Simon, Joey Schwartz, right side of the box from a difficult angle, off target, to the right of the goal, head, open play, not a fast break, no goal, cross",Occidental,George Fox,1,8,Ben Simon,Joey Schwartz,9,2,0,8,3,2,1,0,23,2,,,,,,,,,,,,,
5,57:28:00,"Matthew Teplitz, left side of the box, blocked, blocked, right foot, open play, not a fast break, no goal",Occidental,George Fox,1,7,Matthew Teplitz,,2,3,0,9,1,0,1,0,7,5,,,,,,,,,,,,,
5,61:46:00,"Joey Schwartz, left wing, on target, bottom left corner of the goal, right foot, open play, not a fast break, no goal",Occidental,George Fox,1,19,Joey Schwartz,,3,1,0,4,1,0,1,0,2,6,,,,,,,,,,,,,
5,70:54:00,"Jake Foster, Matthew Teplitz, very close range, off target, a bit too high, head, open play, not a fast break, no goal, cross",Occidental,George Fox,1,18,Jake Foster,Matthew Teplitz,1,2,0,13,3,2,1,0,12,2,,,,,,,,,,,,,
5,79:54:00,"Milels Robertson, 25-yds+, blocked, blocked, left foot, open play, not a fast break, no goal",Occidental,George Fox,1,23,Miles Robertson,,2,3,0,17,2,0,1,0,13,17,,,,,,,,,,,,,
5,81:25:00,"Daivd Paine, Matthew Teplitz left side of the box, blocked, blocked, right foot, corner, not a fast break, no goal, cross",Occidental,George Fox,1,5,David Paine,Matthew Teplitz,2,3,0,9,1,2,2,0,7,5,,,,,,,,,,,,,
5,81:38:00,"David Paine, left side of the 6-yd box, on target, bottom left corner, left foot, open play, not a fast break, no goal",Occidental,George Fox,1,5,David Paine,,3,1,0,10,2,0,1,0,10,2,,,,,,,,,,,,,
5,83:22:00,"Daivd Paine, Sean Kim, right side of the box, off target, bottom left corner, head, set piecce, not a fast break, no goal, throw in",Occidental,George Fox,1,5,David Paine,Sean Kim,3,2,0,11,3,0,2,0,18,5,,,,,,,,,,,,,
5,87:59:00,"Nicolas Eble, Adrian Paredes, center of the box, on target, center of the goal, left foot, open play, not a fast break, no goal, through ball",Occidental,George Fox,1,6,Nicolas Eble,Adrian Paredes,5,1,0,3,2,4,1,0,12,7,,,,,,,,,,,,,
5,88:44:00,"Jake Foster, right wing, blocked, blocked, right foot, open play, not a fast break, no goal",Occidental,George Fox,1,18,Jake Foster,,2,3,0,5,1,0,1,0,23,6,,,,,,,,,,,,,
5,96:08:00,"Ben Simon, left side of the box, on target, bottom left corner of the goal, right foot, open play, not a fast break, no goal",Occidental,George Fox,1,8,Ben Simon,,3,1,0,9,1,0,1,0,7,5,,,,,,,,,,,,,
5,99:07:00,"Ben Simon, Matthew Teplitz, center of the box, off target, to the right of the goal, left foot, open play, not a fast break, no goal, pass",Occidental,George Fox,1,8,Ben Simon,Matthew Teplitz,9,2,0,3,2,1,1,0,12,7,,,,,,,,,,,,,
5,101:41:00,"Adrian Paredes, 30-yds+, on target, center of the goal, right foot, open play, not a fast break, no goal, pass",Occidental,George Fox,1,14,Adrian Paredes,,5,1,0,18,1,1,1,0,13,22,,,,,,,,,,,,,
5,102:56:00,"Joey Schwartz, Nicolas Eble, outside the box, off target, a bit too high, right foot, open play, not a fast break, no goal, pass",Occidental,George Fox,2,19,Joey Schwartz,Nicolas Eble,1,2,0,15,1,1,1,0,13,10,,,,,,,,,,,,,
6,0:52,"Nicolas Eble, 25-yds+, off target, high and wide, right foot, open play, not a fast break, no goal",Occidental,Lake Forest,1,6,Nicolas Eble,,6,2,0,17,1,0,1,0,13,17,,,,,,,,,,,,,
6,6:16,"David Paine, Riley McCabe, right side of the 6-yd box, off target, to the left, right foot, set piece, not a fast break, no goal, pass",Occidental,Lake Forest,1,5,David Paine,Riley McCabe,8,2,0,12,1,1,2,0,15,2,,,,,,,,,,,,,
6,17:31,"Truitt, outside the box, off target, too high, right foot, open play, not a fast break, no goal",Lake Forest,Occidental,2,0,Erik Truitt,,10,2,0,15,1,0,1,0,13,10,,,,,,,,,,,,,
6,20:38,"Adrian Paredes, Jasper Brannon, right side of the 6-yd box, off target, too high, head, set piece, not a fast break, no goal, pass",Occidental,Lake Forest,1,14,Adrian Paredes,Jasper Brannon,10,2,0,12,3,1,2,0,15,2,,,,,,,,,,,,,
6,29:04:00,"Aubert, left wing, off target, high and wide, right foot, open play, not a fast break, no goal",Lake Forest,Occidental,2,0,Gaston Aubert,,6,2,0,4,1,0,1,0,2,6,,,,,,,,,,,,,
6,36:17:00,"Logan Myers, 25-yds+, woodwork, right of the goal, left foot, open play, not a fast break, no goal",Occidental,Lake Forest,1,16,Logan Myers,,9,4,0,17,2,0,1,0,13,17,,,,,,,,,,,,,
6,38:23:00,"Joao Godoy, left side of the 6-yd box, off target, left of the goal, right foot, open play, not a fast break, no goal, pass",Lake Forest,Occidental,2,0,Joao Godoy,,8,2,0,10,1,1,1,0,18,5,,,,,,,,,,,,,
6,40:42:00,"Ben Simon, difficult angle and long range, on target, top right corner, left foot, free kick, not a fast break, no goal",Occidental,Lake Forest,1,8,Ben Simon,,13,1,0,6,2,0,4,0,13,13,,,,,,,,,,,,,
6,41:54:00,"David Paine, center of the box, blocked, blocked, head, corner, not a fast break, no goal",Occidental,Lake Forest,1,5,David Paine,,2,3,0,3,3,3,3,0,12,7,,,,,,,,,,,,,
6,43:59:00,"Joao Godoy, right side at a difficult angle, on target, bottom right corner, left foot, open play, not a fast break, no goal",Lake Forest,Occidental,2,0,Joao Godoy,,4,1,0,8,2,0,1,0,23,2,,,,,,,,,,,,,
6,58:06:00,"Joao Godoy, left wing, off target, high and wide, left foot, open play, not a fast break, no goal, pass",Lake Forest,Occidental,2,0,Joao Godoy,,6,2,0,4,2,1,1,0,2,6,,,,,,,,,,,,,
6,59:27:00,"Gaston Aubert, right wing, blocked, blocked, right foot, open play, not a fast break, no goal",Lake Forest,Occidental,2,0,Gaston Aubert,,2,3,0,5,1,0,1,0,23,6,,,,,,,,,,,,,
6,66:12:00,"Riley McCabe, Ben Simon, right side of the box, off target, too high, head, open play, not a fast break, no goal, cross",Occidental,Lake Forest,1,2,Riley McCabe,Ben Simon,10,2,0,11,3,2,1,0,18,5,,,,,,,,,,,,,
6,67:41:00,"Matt McCullough, 25-yds+, on target, center of the goal, right foot, open play, not a fast break, no goal",Lake Forest,Occidental,2,0,Matt McCullough,,5,1,0,17,1,0,1,0,13,17,,,,,,,,,,,,,
6,70:40:00,"Matthew Teplitz, Joey Schwartz, left side of the box, off target, to the right, left foot, open play, fast break, no goal, through ball",Occidental,Lake Forest,1,7,Matthew Teplitz,Joey Schwartz,9,2,0,9,2,4,1,1,7,5,,,,,,,,,,,,,
6,71:50:00,"Marcus Blumenfeld, 25-yds+, blocked, blocked, right foot, open play, not a fast break, no goal",Occidental,Lake Forest,1,9,Marcus Blumenfeld,,2,3,0,17,1,0,1,0,13,17,,,,,,,,,,,,,
6,73:05:00,"Adrian Paredes, Marcus Blumenfeld, 25-yds+, off target, to the right, right foot, open play, not a fast break, no goal, pass",Occidental,Lake Forest,1,14,Adrian Paredes,Marcus Blumenfeld,9,2,0,17,1,1,1,0,13,17,,,,,,,,,,,,,
6,78:03:00,"Ben Simon, Adrian Paredes, left side of the box, off target, too high, head, open play, not a fast break, no goal, through ball",Occidental,Lake Forest,1,8,Ben Simon ,Adrian Paredes,10,2,0,9,3,4,1,0,7,5,,,,,,,,,,,,,
6,89:16:00,"Truitt Header, outside the box, on target, center of the box, head, open play, not a fast break, no goal, through ball",Lake Forest,Occidental,2,0,Erik Truitt,,5,1,0,15,3,4,1,0,13,10,,,,,,,,,,,,,
6,92:41:00,"Nicolas Eble, outside the box, on target, center of the goal, left foot, open play, not a fast break, no goal",Occidental,Lake Forest,1,6,Nicolas Eble,,5,1,0,15,2,0,1,0,13,10,,,,,,,,,,,,,
6,95:15:00,"Gaston Aubert, outside the box, blocked, blocked, right foot, free kick, not a fast break, no goal",Lake Forest,Occidental,2,0,Gaston Aubert,,2,3,0,15,1,0,4,0,13,10,,,,,,,,,,,,,
6,95:23:00,"Deniz Gundogdu, right side of the 6-yd box, off target, to the right, right foot, open play, not a fast break, no goal",Lake Forest,Occidental,2,0,Deniz Gundogdu,,9,2,0,12,1,0,1,0,15,2,,,,,,,,,,,,,
6,99:28:00,"Adrian Paredes, Sean Kim, very close range, on target, bottom right corner of the goal, head, set piece, not a fast break, goal, throw in",Occidental,Lake Forest,1,14,Adrian Paredes,Sean Kim,4,1,1,13,3,0,2,0,12,2,,,,,,,,,,,,,
7,3:30,"Derrin Valeri, outside the box, blocked, blocked, right foot, open play, not a fast break, no goal",Redlands,Occidental,1,0,Derrin Valeri,,2,3,0,15,1,0,1,0,13,10,,,,,,,,,,,,,
7,6:16,"Miles Robertson, center of the box, blocked, blocked, left foot, open play, not a fast break, no goal",Occidental,Redlands,2,23,Miles Robertson,,2,3,0,3,2,0,1,0,12,7,,,,,,,,,,,,,
7,10:48,"Collin ChubbFertal, right side of the 6-yd box, blocked, blocked, right foot, open play, not a fast break, no goal",Redlands,Occidental,1,0,Collin ChubbFertal,,2,3,0,12,1,0,1,0,15,2,,,,,,,,,,,,,
7,10:57,"Steve Acuna, left side of the 6-yd box, blocked, blocked, right foot, open play, not a fast break, no goal",Redlands,Occidental,1,0,Steve Acuna,,2,3,0,10,1,0,1,0,10,2,,,,,,,,,,,,,
7,17:36,"Adrian Paredes, Nicolas Eble, 30-yds+, off target, to the left, right foot, open play, not a fast break, no goal, pass",Occidental,Redlands,2,14,Adrian Paredes,Nicolas Eble,8,2,0,18,1,1,1,0,13,22,,,,,,,,,,,,,
7,21:11,"Collin ChubbFertal, left side of the box, on target, to the left, head, set piece not a fast break, no goal, cross",Redlands,Occidental,1,0,Collin ChubbFertal,,8,1,0,9,3,2,2,0,7,5,,,,,,,,,,,,,
7,24:48:00,"Adrian Paredes, penalty spot, on target, bottom right corner, right foot, free kick, not a fast break, goal",Occidental,Redlands,2,14,Adrian Paredes,,4,1,1,14,1,0,4,0,12.5,6,,,,,,,,,,,,,
7,27:21:00,"Nicolas Eble, outside the box, off target, to the left, right foot, free kick, not a fast break, no goal",Occidental,Redlands,2,6,Nicolas Eble,,8,2,0,15,1,0,4,0,13,10,,,,,,,,,,,,,
7,28:34:00,"Matias Lazo-Fanning, 25-yds+, off target, to the right, right foot, open play, not a fast break, no goal",Redlands,Occidental,1,0,Matias Lazo-Fanning,,9,2,0,17,1,0,1,0,13,17,,,,,,,,,,,,,
7,29:45:00,"Ben Simon, 25-yds+, on target, bottom right corner, left foot, open play, not a fast break, no goal",Occidental,Redlands,2,8,Ben Simon,,4,1,0,17,2,0,1,0,13,17,,,,,,,,,,,,,
7,32:49:00,"Riley McCabe, Ryan Wilson, very close range, blocked, blocked, right foot, corner, not a fast break, no goal, cross",Occidental,Redlands,2,2,Riley McCabe,Ryan Wilson,2,3,0,13,1,2,3,0,12,2,,,,,,,,,,,,,
7,34:50:00,"Cheung, center of the box, blocked, blocked, right foot, open play, not a fast break, no goal",Redlands,Occidental,1,0,Jonathan Cheung,,2,3,0,3,1,0,1,0,12,7,,,,,,,,,,,,,
7,52:20:00,"Nicolas Eble, very close range, woodwork, bottom right corner, head, corner, not a fast break, no goal, cross",Occidental,Redlands,2,6,Nicolas Eble,,4,4,0,13,3,2,3,0,12,2,,,,,,,,,,,,,
7,54:48:00,"Ethan Kovach, left side of the box, on target, bottom left corner, left foot, open play, not a fast break, no goal",Redlands,Occidental,1,0,Ethan Kovach,,3,1,0,9,2,0,1,0,7,5,,,,,,,,,,,,,
7,68:48:00,"Parra, right side at  difficult angle, on target, top right corner, right foot, open play, fast break, no goal",Redlands,Occidental,1,0,Joseph Parra,,13,1,0,8,1,2,1,1,23,2,,,,,,,,,,,,,
7,79:55:00,"Ethan Kovach, left side of the 6-yd box, on target, bottom left corner, left foot, open play, fast break, no goal",Redlands,Occidental,1,0,Ethan Kovach,,3,1,0,10,2,4,1,1,10,2,,,,,,,,,,,,,
7,88:16:00,"ChubbFertal, outside the box, off target, a bit too high, left foot, open play, not a fast break, no goal",Redlands,Occidental,1,0,Collin ChubbFertal,,1,2,0,15,2,0,1,0,13,10,,,,,,,,,,,,,
8,4:16,"Will Barton, outside the box, on target, bottom right corner, right foot, open play, fast break, goal",CMS,Occidental,2,0,Will Barton,,4,1,1,15,1,0,1,1,13,10,,,,,,,,,,,,,
8,6:26,"Cole Smith, right wing, off target, to the left, right foot, open play, fast break, no goal, through ball",CMS,Occidental,2,0,Cole Smith,,8,2,0,5,1,4,1,1,23,6,,,,,,,,,,,,,
8,10:29,"Riley McCabe, Sean Kim, center of the box, on target, center of the goal, head, set piece, not a fast break, no goal, throw in",Occidental,CMS,1,2,Riley McCabe,Sean Kim,5,1,0,3,3,0,2,0,12,7,,,,,,,,,,,,,
8,12:37,"Adrian Paredes, 30-yds+, off target, to the left, right foot, open play, not a fast break, no goal",Occidental,CMS,1,14,Adrian Paredes,,8,2,0,18,1,0,1,0,13,22,,,,,,,,,,,,,
8,14:58:00,"Will Barton, center of the box, woodwork, bottom left corner, right foot, open play, not a fast break, no goal, through ball",CMS,Occidental,2,0,Will Barton,,4,4,0,3,1,4,1,0,12,7,,,,,,,,,,,,,
8,26:14:00,"Justin Blachman, very close range, off target, a bit too high, head, open play, fast break, no goal",CMS,Occidental,2,0,Justin Blachman,,1,2,0,13,3,2,1,1,12,2,,,,,,,,,,,,,
8,28:42:00,"Jake Foster, 25-yds+, off target, high and wide, right foot, open play, not a fast break, no goal, pass",Occidental,CMS,1,18,Jake Foster,,6,2,0,17,1,1,1,0,13,17,,,,,,,,,,,,,
8,37:18:00,"Kraham, right wing, off target, to the right, right foot, open play, not a fast break, no goal",CMS,Occidental,2,0,Henry Kraham,,9,2,0,5,1,1,1,0,23,6,,,,,,,,,,,,,
8,38:23:00,"Marcus Blumenfeld, right side of the 6-yd box, off target, to the left, right foot, open play, not a fast break, no goal, through ball",Occidental,CMS,1,9,Marcus Blumenfeld,,8,2,0,12,1,4,1,0,15,2,,,,,,,,,,,,,
8,39:06:00,"Riley McCabe, center of the box, off target, too high, left foot, open play, not a fast break, no goal",Occidental,CMS,1,2,Riley McCabe,,10,2,0,3,2,0,1,0,12,7,,,,,,,,,,,,,
8,43:54:00,"Ryan Wilson, Joey Schwartz, center of the box, off target, high and wide, head, set piece, not a fast break, no goal, throw in",Occidental,CMS,1,4,Ryan Wilson,Joey Schwartz,6,2,0,3,3,0,2,0,12,7,,,,,,,,,,,,,
8,44:51:00,"Adrian Paredes, outside the box, on target, center of the goal, right foot, open play, not a fast break, no goal",Occidental,CMS,1,14,Adrian Paredes,,5,1,0,15,1,0,1,0,13,10,,,,,,,,,,,,,
8,45:41:00,"Logan Myers, outside the box, off target, to the right, left foot, open play, not a fast break, no goal",Occidental,CMS,1,16,Logan Myers,,9,2,0,15,2,0,1,0,13,10,,,,,,,,,,,,,
8,47:24:00,"Jasper Brannon, 25-yds+, on target, bottom left corner, right foot, open play, not a fast break, no goal",Occidental,CMS,1,10,Jasper Brannon,,3,1,0,17,1,0,1,0,13,17,,,,,,,,,,,,,
8,52:07:00,"Allmon, center of the box, off target, to the right, right foot, open play, fast break, no goal",CMS,Occidental,2,0,Jake Allmon,,9,2,0,3,1,0,1,1,12,7,,,,,,,,,,,,,
8,54:44:00,"Rahim, 25-yds+, blocked, blocked, right foot, open play, not a fast break, no goal",CMS,Occidental,2,0,Samay Rahim,,2,3,0,17,1,0,1,0,13,17,,,,,,,,,,,,,
8,61:51:00,"Tyler Wray, center of the box, off target, high and wide, left foot, open play, not a fast break, no goal",Occidental,CMS,1,17,Tyler Wray,,6,2,0,3,2,0,1,0,12,7,,,,,,,,,,,,,
8,65:26:00,"Adrian Paredes, Jack Meeker, left side of the 6-yd box, top left corner, head, corner, not a fast break, goal, cross",Occidental,CMS,1,14,Adrian Paredes,Jack Meeker,12,1,1,10,3,2,3,0,10,2,,,,,,,,,,,,,
8,70:53:00,"Chen, center of the box, blocked, blocked, left foot, open play, not a fast break, no goal",CMS,Occidental,2,0,Tyler Chen,,2,3,0,3,2,0,1,0,12,7,,,,,,,,,,,,,
8,72:43:00,"Adam Singer, Cole Smith, center of the box, off target, to the left, head, set piece, not a fast break, no goal, throw in",CMS,Occidental,2,0,Adam Singer,Cole Smith,8,2,0,3,3,0,2,0,12,7,,,,,,,,,,,,,
8,75:26:00,"Jack Meeker, left side of the 6-yd box, blocked, blocked, left foot, open play, fast break, no goal",Occidental,CMS,1,13,Jack Meeker,,2,3,0,10,2,0,1,1,10,2,,,,,,,,,,,,,
8,81:14:00,"Singer, Rohde, very close range, on target, center of the goal, head, open play, not a fast break, goal, cross",CMS,Occidental,2,0,Adam Singer,Daniel Rohde,3,1,1,13,3,2,1,1,12,2,,,,,,,,,,,,,
8,82:15:00,"Allmon, outside the box, on target, bottom left corner, right foot, open play, fast break, goal, through ball",CMS,Occidental,2,0,Jake Allmon,,3,1,1,15,1,4,1,1,13,10,,,,,,,,,,,,,
8,88:24:00,"Logan Myers, center of the box, off target, too high, right foot, set piece, not a fast break, no goal, headed pass",Occidental,CMS,1,16,Logan Myers,,10,2,0,3,1,3,2,0,12,7,,,,,,,,,,,,,
9,12:27,"Garcia, Howe right side of the box, bottom left corner, right foot, open play, fast break, goal, through ball",Chapman,Occidental,2,0,Justo Garcia,Tobi Howe,3,1,1,11,1,4,1,1,18,5,,,,,,,,,,,,,
9,15:47,"Logan Myers, outside the box, off target, to the right, left foot, open play, not a fast break, no goal",Occidental,Chapman,1,16,Logan Myers,,9,2,0,15,2,2,1,0,13,10,,,,,,,,,,,,,
9,17:27,"Aidan Wall, right wing, top left corner, left foot, open play, not a fast break, goal, pass",Chapman,Occidental,2,0,Aidan Wall,,12,1,1,5,2,1,1,0,23,6,,,,,,,,,,,,,
9,20:04,"Matthew Teplitz right wing, off target, high and wide, left foot, not a fast break, no goal",Occidental,Chapman,1,7,Matthew Teplitz,,6,2,0,5,2,0,1,0,23,6,,,,,,,,,,,,,
9,22:22,"Joey Schwartz, Sean Kim, center of the box, high and wide, right foot, open play, not a fast break, no goal, cross",Occidental,Chapman,1,19,Joey Schwartz,Sean Kim,6,2,0,3,1,2,1,0,12,7,,,,,,,,,,,,,
9,35:27:00,"Adrian Paredes, 25-yds+, off target, to the left, right foot, free kick, not a fast break, no goal",Occidental,Chapman,1,14,Adrian Paredes,,8,2,0,17,1,0,4,0,13,17,,,,,,,,,,,,,
9,36:25:00,"Streitz, 30-yds+, off target, to the left, right foot, not a fast break, no goal",Occidental,Chapman,1,25,Neython Streitz,,8,2,0,18,1,0,1,0,13,22,,,,,,,,,,,,,
9,39:47:00," Adrian Paredes, 30-yds+, off target, too high, open play, not a fast break, no goal, pass",Occidental,Chapman,1,14,Adrian Paredes,,10,2,0,18,1,1,1,0,13,22,,,,,,,,,,,,,
9,44:49:00,"Garcia right side at a difficult angle, off target, too high, right foot, open play, not a fast break, no goal headed pass",Chapman,Occidental,2,0,Justo Garcia,,10,2,0,8,1,3,1,0,23,2,,,,,,,,,,,,,
9,49:51:00,"Adrian Paredes, 25-yds+, off target, to the right, right foot, open play, not a fast break, no goal, pass",Occidental,Chapman,1,14,Adrian Paredes,,9,2,0,17,1,1,1,0,13,17,,,,,,,,,,,,,
9,61:25:00,"Logan Myers, outside the box, off target, to the left, left foot, open play, not a fast break, no goal",Occidental,Chapman,1,16,Logan Myers,,8,2,0,15,2,0,1,0,13,10,,,,,,,,,,,,,
9,66:11:00,"Ryan Wilson, Joey Schwartz, 25-yds+, on target, bottom right corner, right foot, open play, not a fast break, no goal, through ball ",Occidental,Chapman,1,4,Ryan Wilson,Joey Schwartz,4,1,0,16,1,4,1,0,13,10,,,,,,,,,,,,,
9,69:24:00,"Ryan Wilson, Spencer Shearer, very close range, off target, too high, head, open play, not a fast break, no goal, cross",Occidental,Chapman,1,4,Ryan Wilson,Spencer Shearer,10,2,0,13,3,2,1,0,12,2,,,,,,,,,,,,,
9,80:00:00,"Spencer Shearer, right side of the box, blocked, blocked, right foot, open play not a fast break, no goal",Occidental,Chapman,1,3,Spencer Shearer,,3,3,0,11,1,0,1,0,18,5,,,,,,,,,,,,,
10,13:05,"Logan Myers, Joey Schwartz, outside the box, off target, to the left, left foot, open play not a fast break, no goal, pass",Occidental,Whittier,1,16,Logan Myers,Joey Schwartz,8,2,0,15,2,1,1,0,13,10,,,,,,,,,,,,,
10,21:46,"Matteo Loi, left side of the box at a difficult angle, on target, top center of the goal, open play, not a fast break, goal",Whittier,Occidental,2,0,Matteo Loi,,11,1,1,7,1,0,1,0,2,2,,,,,,,,,,,,,
10,25:30:00,"Adrian Paredes, 25-yds+, on target, top center, right foot, open play, not a fast break, no goal",Occidental,Whittier,1,14,Adrian Paredes,,11,1,0,17,1,0,1,0,13,17,,,,,,,,,,,,,
10,43:25:00,"Matthew Teplitz, right wing, on target, center of the goal, left foot, open play, not a fast break, no goal",Occidental,Whittier,1,7,Matthew Teplitz,,5,1,0,5,2,0,1,0,23,6,,,,,,,,,,,,,
10,49:15:00,"Matteo Loi, penalty spot, on target, top right corner, right foot, set piece, not a fast break, goal",Whittier,Occidental,2,0,Matteo Loi,,13,1,1,14,1,0,2,0,12.5,6,,,,,,,,,,,,,
10,58:06:00,"Barrera, outside the box, on target, bottom left corner, right foot, open play, not a fast break, no goal",Whittier,Occidental,2,0,Nicolas Barrera,,3,1,0,15,1,0,1,0,13,10,,,,,,,,,,,,,
10,59:30:00,"Tep, 25-yds+, on target, bottom right corner, left foot, open play, not a fast break, no goal",Occidental,Whittier,1,7,Matthew Teplitz,,4,1,0,17,2,0,1,0,13,17,,,,,,,,,,,,,
10,63:29:00,"Meeker, right wing, off target, to the left, right foot, open play, not a fast break, no goal",Occidental,Whittier,1,13,Jack Meeker,,8,2,0,5,1,0,1,0,23,6,,,,,,,,,,,,,
10,67:02:00,"Eble, Teagan Jarvis, very close range, on target, bottom right corner, right foot, open play, not a fast break, goal, pass",Occidental,Whittier,1,6,Nicolas Eble,Teagan Jarvis,4,1,1,13,1,1,1,0,12,2,,,,,,,,,,,,,
10,69:49:00,"Adrian, 25-yds+, blocked, blocked, right foot, open play, not a fast break, no goal",Occidental,Whittier,1,14,Adrian Paredes,,2,3,0,17,1,0,1,0,13,17,,,,,,,,,,,,,
10,70:00:00,"Logan Myers, left side of the box, off target, to the left, left foot, open play, not a fast break, no goal",Occidental,Whittier,1,16,Logan Myers,,8,2,0,9,2,0,1,0,7,5,,,,,,,,,,,,,
10,71:14:00,"Ian Nicolas, center of the box, on target, center of the goal, head, open play, fast break, no goal, cross",Whittier,Occidental,2,0,Ian Nicolas,,5,1,0,3,3,2,1,1,12,7,,,,,,,,,,,,,
10,78:06:00,"Adrian, 30-yds+, on target, center of the goal, right foot, open play, not a fast break, no goal",Occidental,Whittier,1,14,Adrian Paredes,,5,1,0,18,1,0,1,0,13,22,,,,,,,,,,,,,
10,79:38:00,"Zach Guarino, center of the box, on target, top left corner, right foot, open play, fast break, goal, through ball",Whittier,Occidental,2,0,Zach Guarino,,12,1,1,3,1,4,1,1,12,7,,,,,,,,,,,,,
10,84:00:00,"Ryan Wilson, Jasper  Brannon, center of the box, on target, center of the goal, right foot, open play, not a fast break, no goal, cross ",Occidental,Whittier,1,4,Ryan Wilson,Jasper Brannon,5,1,0,3,1,2,1,0,12,7,,,,,,,,,,,,,
11,1:30,"Shot by Nicolas Eble, saved by goalie (right foot, outside the box, bottom right corner)",Occidental,Pomona-Pitzer,2,6,Nicolas Eble,,4,1,0,15,1,0,1,0,13,10,,,,,,,,,,,,,
11,2:23,"Header by Dylan McCuskey, high & wide left (center of the box)",Pomona-Pitzer,Occidental,1,0,Dylan McCuskey,,6,2,0,3,3,0,1,0,12,7,,,,,,,,,,,,,
11,5:10,"Shot by Eamon Stein, saved by goalie (left foot, right side of the box (close range), flubbed shot",Pomona-Pitzer,Occidental,1,0,Eamon Stein,,5,1,0,12,2,0,1,0,15,2,,,,,,,,,,,,,
11,12:02,"Header by Jorge Guillen-Lopez, Misses high (center of the box)",Pomona-Pitzer,Occidental,1,0,Jore Guillen-Lopez,,6,2,0,3,3,0,1,0,12,7,,,,,,,,,,,,,
11,17:53,"Shot bt Eamon Stein, wide right (left foot, outside the box, bottom right corner)",Pomona-Pitzer,Occidental,1,0,Eamon Stein,,4,2,0,15,2,0,1,0,13,10,,,,,,,,,,,,,
11,27:25:00,"Shot by Graeme Logan, wide right (left foot, outside the box)",Pomona-Pitzer,Occidental,1,0,Graeme Logan,,9,2,0,15,2,0,1,0,13,10,,,,,,,,,,,,,
11,35:27:00,"Shot by Joey Schwartz, blocked (left foot, outside the box)",Occidental,Pomona-Pitzer,2,19,Joey Schwartz,,2,3,0,15,2,0,1,0,13,10,,,,,,,,,,,,,
11,45:11:00,"Shot by Graeme Logan, wide (left foot, outside the box, bottom right corner)",Pomona-Pitzer,Occidental,1,0,Graeme Logan,,4,2,0,15,2,0,1,0,13,10,,,,,,,,,,,,,
11,50:52:00,"Goal! Zach Friedman, Assist by Jorge Guillen-Lopez (diving header) off cross (right side of the 6-yd box, to center of goal; cross from left side of the pitch)",Pomona-Pitzer,Occidental,1,0,Zach Friedman,Jorge Guillen-Lopez,5,1,1,12,3,2,1,0,15,2,,,,,,,,,,,,,
11,51:34:00,"Goal! Adrian Paredes score penalty kick. (right foot, bottom right corner)",Occidental,Pomona-Pitzer,2,14,Adrian Paredes,,4,1,1,14,1,0,2,0,12.5,6,,,,,,,,,,,,,
11,56:10:00,"Goal! Henry Smith, scrum off corner, poked past keeper. (right foot, very close rnage, center of the 6-yd box, to bottom left corner)",Pomona-Pitzer,Occidental,1,0,Henry Smith,,3,1,1,13,1,0,1,0,12,2,,,,,,,,,,,,,
11,57:34:00,"Shot by Ryan Wilson, wide (from a set piece, outside the box, right foot)",Occidental,Pomona-Pitzer,2,4,Ryan Wilson,,8,2,0,15,1,0,2,0,13,10,,,,,,,,,,,,,
11,68:28:00,"Shot by Joey Schwartz, wide (right foot, right side of the 6-yd box, half-volley)",Occidental,Pomona-Pitzer,2,19,Joey Schwartz,,9,2,0,12,1,2,1,0,15,2,,,,,,,,,,,,,
11,80:49:00,"Shot by Joey Schwartz, saved by goalie Bryan Diangson (right foot, outside the box, right side of the pitch)",Occidental,Pomona-Pitzer,2,19,Joey Schwartz,,5,1,0,15,1,0,1,0,13,10,,,,,,,,,,,,,
12,2:16,"Shot by Adrian Paredes, wide right (right foot, 35 yds+)",Occidental,Cal Lutheran,2,14,Adrian Paredes,,9,2,0,17,1,0,1,0,13,17,,,,,,,,,,,,,
12,10:07,"Shot by Jack Meeker, blocked (right foot, right side of the ptich/outside the box)",Occidental,Cal Lutheran,2,13,Jack Meeker,,2,3,0,15,1,0,1,0,13,10,,,,,,,,,,,,,
12,11:40,"Header by David Paine, wide right (right side of the 6-yd box)",Occidental,Cal Lutheran,2,5,David Paine,,9,2,0,12,3,0,1,0,15,2,,,,,,,,,,,,,
12,15:18,"Shot by Nicolas Eble, saved by goalie (right foot, center of the goal, outside the box, left side)",Occidental,Cal Lutheran,2,6,Nicolas Eble,,5,1,0,15,1,0,1,0,13,10,,,,,,,,,,,,,
12,22:15,"Goal! Igor Lumbrano Penalty Kick (right foot, center of the goal)",Cal Lutheran,Occidental,1,0,Igor Lumbrano,,5,1,1,14,1,0,2,0,12.5,6,,,,,,,,,,,,,
12,28:07:00,"Adrian Paredes, saved by goalie (right foot, 35yds+(right side), wide right)",Occidental,Cal Lutheran,2,14,Adrian Paredes,,9,1,0,17,1,0,1,0,13,17,,,,,,,,,,,,,
12,30:17:00,"Adrian Paredes, saved by goalie (right foot, 35yds+(center), center of the goal)",Occidental,Cal Lutheran,2,14,Adrian Paredes,,5,1,0,17,1,0,1,0,13,17,,,,,,,,,,,,,
12,31:41:00,"Goal! Own goal by Cal Lutheran GK (corner, missed a punch)",Occidental,Cal Lutheran,2,101,OG by Goalie,,5,1,1,19,1,0,2,0,13,24,,,,,,,,,,,,,
12,36:44:00,"Header by Adrian Graciano, wide left (right side of the box)",Cal Lutheran,Occidental,1,0,Adrian Graciano,,8,2,0,11,3,0,1,0,18,5,,,,,,,,,,,,,
12,39:39:00,"Shot by Marcus Blumenfeld, saved by goalie (right foot, outside the box, left side of the pitch, bottom right corner)",Occidental,Cal Lutheran,2,9,Marcus Blumenfeld,,4,1,0,15,1,0,1,0,13,10,,,,,,,,,,,,,
12,56:14:00,"Goal! Penalty kick by Adrian Paredes (right foot, center of the goal)",Occidental,Cal Lutheran,2,14,Adrian Paredes,,5,1,1,14,1,0,1,0,12.5,6,,,,,,,,,,,,,
12,57:35:00,"Header by David Paine, wide right (left side of the box, high and over the goal, free kick from Riley McCabe)",Occidental,Cal Lutheran,2,5,David Paine,,9,2,0,9,3,2,2,0,7,5,,,,,,,,,,,,,
12,58:30:00,"Shot blocked; Logan Myers (Oxy); left foot, outside the box, center of the pitch, half-volley",Occidental,Cal Lutheran,2,16,Logan Myers,,2,3,0,15,2,2,1,0,13,10,,,,,,,,,,,,,
12,69:00:00,"Shot by, Joey Schwartz misses high (right foot, outside the box, center of the pitch, deflected into the air. Misses high and right). ",Occidental,Cal Lutheran,2,19,Joey Schwartz,,6,2,0,15,1,0,1,0,13,10,,,,,,,,,,,,,
12,71:22:00,"Shot by, Joey Schwartz misses high (right foot, center of the box, misses high and right)",Occidental,Cal Lutheran,2,19,Joey Schwartz,,10,2,0,3,1,0,1,0,12,7,,,,,,,,,,,,,
12,73:50:00,"Shot by McKay Severance, misses wide left (right foot, left side of the box, poorly attempted scissor kick; cross from the right side of the pitch. ",Cal Lutheran,Occidental,1,0,McKay Severance,,8,2,0,3,1,2,1,0,12,7,,,,,,,,,,,,,
12,80:49:00,"Shot by Juan Valencia, saved by Scott Drazan (fast break, right foot, left side of the box, shot to the center of the box, blocked by keeper)",Cal Lutheran,Occidental,1,0,Juan Valencia,,5,1,0,9,1,0,1,1,7,5,,,,,,,,,,,,,
12,83:50:00,"Shot by Aaron Wisnick, saved by Scott Drazan (right foot, from the right side of the box",Cal Lutheran,Occidental,1,0,Aaron Wisnick,,5,1,0,8,1,0,1,0,23,2,,,,,,,,,,,,,
12,84:51:00,"Shot by Jack Meeker, misses high (left foot, outside the box, right side of the pitch, misses high and wide left)",Occidental,Cal Lutheran,2,13,Jack Meeker,,10,2,0,15,2,0,1,0,13,10,,,,,,,,,,,,,
13,3:49,"Shot by Nicolas Eble, misses high (free kick taken outside the box; misses just over the center of the goal)",Occidental,Cal Tech,2,6,Nicolas Eble,,1,2,0,15,1,0,4,0,13,10,,,,,,,,,,,,,
13,8:55,"Header by Josh Finnerty, misses wide right. (taken left side of the box, misses wide right out of bounds)",Cal Tech,Occidental,1,0,Josh Finnerty,,9,2,0,9,3,0,1,0,7,5,,,,,,,,,,,,,
13,13:20,"Shot by Nicolas Eble is blocked. (taken right foot,  left side of the box, outside boot, deflected wide left out of bounds)",Occidental,Cal Tech,2,6,Nicolas Eble,,2,3,0,8,1,0,1,0,23,2,,,,,,,,,,,,,
13,15:00,"Shot by Nicolas Eble is  blocked. (taken right foot, outside the box)",Occidental,Cal Tech,2,6,Nicolas Eble,,2,3,0,15,1,0,1,0,13,10,,,,,,,,,,,,,
13,16:31,"Shot by Nicolas Eble, is saved by goalie. (taken right foot, center of the box. Shot to the right side of the goal)",Occidental,Cal Tech,2,6,Nicolas Eble,,9,1,0,3,1,0,1,0,12,7,,,,,,,,,,,,,
13,21:23,"Shot by Adrian Paredes is blocked. (taken right foot, outside of the box, right side of the pitch, free kick. Blocked by the wall)",Occidental,Cal Tech,2,14,Adrian Paredes,,2,3,0,15,1,0,4,0,13,10,,,,,,,,,,,,,
13,36:39:00,"Shot by Marcus Blumenfeld, misses wide left. ",Occidental,Cal Tech,2,9,Marcus Blumenfeld,,8,2,0,3,1,0,1,0,12,7,,,,,,,,,,,,,
13,39:13:00,"Shot by Marcus Blumenfeld is saved by the goalie (taken left foot, left side of the box)",Occidental,Cal Tech,2,9,Marcus Blumenfeld,,5,1,0,9,2,0,1,0,7,5,,,,,,,,,,,,,
13,40:07:00,"Goal by Marcus Blumenfeld, assisted by Matthew Teplitz. (fast break; taken left foot, center of the box to the left side of the goal). ",Occidental,Cal Tech,2,9,Marcus Blumenfeld,Matthew Teplitz,3,1,1,3,2,2,1,1,12,7,,,,,,,,,,,,,
13,41:18:00,"Shot by Jasper Brannon is saved by goalie (taken outside the box, right foot). ",Occidental,Cal Tech,2,10,Jasper Brannon,,5,1,0,15,1,0,1,0,13,10,,,,,,,,,,,,,
13,52:29:00,Shot by logan myers is saved by goalie (right foot from the center of the box to the center of the goal). ,Occidental,Cal Tech,2,16,Logan Myers,,5,1,0,3,1,0,1,0,12,7,,,,,,,,,,,,,
13,53:36:00,"Shot by Logan Myers is blocked. (left foot from outside the box, right side of the pitch)",Occidental,Cal Tech,2,16,Logan Myers,,2,3,0,15,2,0,1,0,13,10,,,,,,,,,,,,,
13,62:00:00,"Shot by Rohan Mirchandanu is saved by goalie (right foot from the right side of the box at a difficult angle, to the right side/corner of the goal.)",Cal Tech,Occidental,1,0,Rohan Mirchandanu,,4,1,0,11,1,0,1,0,18,5,,,,,,,,,,,,,
13,63:47:00,Shot by Logan Myers hits the woodwork. (left foot from outside the box to the crossbar/center of the goal).,Occidental,Cal Tech,2,16,Logan Myers,,11,4,0,15,2,0,1,0,13,10,,,,,,,,,,,,,
13,68:03:00,"Goal by Joey Schwartz (right foot from outside the box, right side of the pitch, to the bottom left corner)",Occidental,Cal Tech,2,19,Joey Schwartz,,3,1,1,15,1,0,1,0,13,10,,,,,,,,,,,,,
13,70:09:00,Shot by Joey Schwarts is blocked (left foot from the center of the box),Occidental,Cal Tech,2,19,Joey Schwartz,,2,3,0,3,2,0,1,0,12,7,,,,,,,,,,,,,
13,70:51:00,"Goal by Joey Schwartz, assisted by Matthew Teplitz (left foot from the top of the box, to the bottom left corner)",Occidental,Cal Tech,2,19,Joey Schwartz,Matthew Teplitz,3,1,1,3,2,2,1,0,12,7,,,,,,,,,,,,,
13,72:19:00,"Shot by Marcus Blumenfeld, misses high. (left foot from outside the box, left side of the pitch, misses over the top of the goal)",Occidental,Cal Tech,2,9,Marcus Blumenfeld,,10,2,0,15,2,0,1,0,13,10,,,,,,,,,,,,,
13,75:52:00,"Shot by Samir Johnson, misses high. (right from very close range, right side of the 6-yd box, misses over the top of the goal)",Cal Tech,Occidental,1,0,Samir Johnson ,,1,2,0,13,1,0,1,0,12,2,,,,,,,,,,,,,
13,86:20:00,"Shot by Ryan Wilson, misses high. (right foot from the right side of the box, misses high and wide)",Occidental,Cal Tech,2,4,Ryan Wilson,,6,2,0,11,1,0,1,0,18,5,,,,,,,,,,,,,
14,0:55,"Shot by Jasper Brannon, misses high (left foot from outside the box, wayyyyy over the top of the goal))",Occidental,UCSC,1,10,Jasper Brannon,,10,2,0,15,2,0,1,0,13,10,,,,,,,,,,,,,
14,4:57,"Shot by Nicolas Eble is saved by goalie (left foot from 35 yds+, to the center of the goal)",Occidental,UCSC,1,6,Nicolas Eble,,5,1,0,18,2,0,1,0,13,22,,,,,,,,,,,,,
14,10:42,"Shot by Keith McCarty is saved by goalie (right foot free kick from outside the box, left side of the pitch, 35 yds +, to the center of the goal))",UCSC,Occidental,2,0,Keith McCarty,,5,1,0,15,1,0,4,0,13,10,,,,,,,,,,,,,
14,11:04,"Shot by Jack Meeker is saved by goalie (right foot from outside the box, center of the pitch, to the right side of the goal)",Occidental,UCSC,1,13,Jack Meeker,,4,1,0,15,1,0,1,0,13,10,,,,,,,,,,,,,
14,29:45:00,"Shot by Jasper Brannon misses. (right foot taken from 35 yds+, to the right of the goal)",Occidental,UCSC,1,10,Jasper Brannon,,9,2,0,18,1,0,1,0,13,22,,,,,,,,,,,,,
14,20:06,"Shot by Logan Myers is blocked. (left foot free kick from outside the box, hits the wall, center of the box)",Occidental,UCSC,1,16,Logan Myers,,2,3,0,15,2,0,4,0,13,10,,,,,,,,,,,,,
14,22:01,Header by David Paine hit the woodwork (crossbar). (right side of the 6-yd box),Occidental,UCSC,1,5,David Paine,,7,4,0,12,3,0,1,0,15,2,,,,,,,,,,,,,
14,22:05,Shot by Jasper Brannon hits the woodwork (post) (left foot left side of the 6-yd box),Occidental,UCSC,1,10,Jasper Brannon,,7,4,0,10,2,0,1,0,10,2,,,,,,,,,,,,,
14,33:33:00,"Shot by Kailas Dhond, misses high. (fast break; left foot taken from the left side of the box, misses high and wide)",UCSC,Occidental,2,0,Kailas Dhond,,6,2,0,9,2,0,1,1,7,5,,,,,,,,,,,,,
14,39:42:00,Shot by #12 UCSC is blocked. (left foot taken from very close range off of a corner),UCSC,Occidental,2,0,Will Barba,,2,3,0,13,2,2,3,0,12,2,,,,,,,,,,,,,
14,43:02:00,"Shot by Nicolas Eble misses. (left foot from the left side of the box at a difficult angle, misses high)",Occidental,UCSC,1,6,Nicolas Eble,,10,2,0,7,2,0,1,0,2,2,,,,,,,,,,,,,
14,43:42:00,"Shot by #7 UCSC is saved by the goalie. (right foot taken from 35-yds+, to the center of the goal)",UCSC,Occidental,2,0,Kailas Dhond,,5,1,0,18,1,0,1,0,13,22,,,,,,,,,,,,,
14,45:31:00,"Shot by #6 UCSC is saved by the goalie (right foot taken from the center of the box, to the left of the goal)",UCSC,Occidental,2,0,Christian Locatelli,,3,1,0,3,1,0,1,0,12,7,,,,,,,,,,,,,
14,51:46:00,"Shot by Sean Kim, misses high. (right foot taken from outside the box, left side of the pitch, misses over the top of the goal)",Occidental,UCSC,1,12,Sean Kim,,1,2,0,15,1,0,1,0,13,10,,,,,,,,,,,,,
14,60:43:00,Shot by Logan Myers is saved by goalie. (right foot from the right side of the box to the bottom right corner),Occidental,UCSC,1,16,Logan Myers,,4,1,0,11,1,0,1,0,18,5,,,,,,,,,,,,,
14,62:12:00,"Header by David Paine, misses high. (center of the box, over the top)",Occidental,UCSC,1,5,David Paine,,10,2,0,3,3,0,1,0,12,7,,,,,,,,,,,,,
14,65:35:00,"Shot by Ben Blackfield is saved by goalie (right foot from the right side of the box, deflected to the left side of the goal)",UCSC,Occidental,2,0,Ben Blackfied,,3,3,0,11,1,0,1,0,18,5,,,,,,,,,,,,,
14,66:00:00,"Shot by Christian Locatelli is saved by goalie. (left foot taken from very close range, left side of the 6-yd box, to the bottom left corner)",UCSC,Occidental,2,0,Christian Locatelli,,3,1,0,10,2,0,1,0,10,2,,,,,,,,,,,,,
14,67:20:00,"Header by Will Barba, misses wide left. (left side of the 6-yd box, to the left side of the goal, misses over the top)",UCSC,Occidental,2,0,Will Barba,,8,2,0,10,3,0,1,0,10,2,,,,,,,,,,,,,
14,71:47:00,"Shot by Matthew Teplitz, misses wide left. (right foot, dead center of the 6-yd box, misses to the left of the goal)",Occidental,UCSC,1,7,Matthew Teplitz,,8,2,0,3,1,0,1,0,12,7,,,,,,,,,,,,,
14,72:00:00,"Shot by Marcus Blumenfeld misses wide left(right foot taken from the right side of the box, to the left side of the goal).",Occidental,UCSC,1,9,Marcus Blumenfeld,,8,2,0,11,1,0,1,0,18,5,,,,,,,,,,,,,
14,73:43:00,Shot by Marcus Blumenfeld is blocked (left foot taken from the center of 6-yd box),Occidental,UCSC,1,9,Marcus Blumenfeld,,2,3,0,3,2,0,1,0,12,7,,,,,,,,,,,,,
14,74:16:00,"Shot by Spencer Shearer is blocked. (right foot taken from outside the box, blocked in the center of the goal)",Occidental,UCSC,1,3,Spencer Shearer,,2,3,0,15,1,0,1,0,13,10,,,,,,,,,,,,,
14,83:23:00,"Shot by Nicolas Eble, misses wide right (right foot taken from the outside the box, misses wide)",Occidental,UCSC,1,6,Nicolas Eble,,9,2,0,15,1,0,1,0,13,10,,,,,,,,,,,,,
14,84:36:00,"Shot by Nicolas Eble, misses high. (right foot taken taken from the left side of the box, misses high and wide)",Occidental,UCSC,1,6,Nicolas Eble,,10,2,0,9,1,0,1,0,7,5,,,,,,,,,,,,,
14,86:45:00,"Shot by Sean Kim is saved by the goalie. (right foot from the left side of the box, to the center of the goal)",Occidental,UCSC,1,12,Sean Kim,,5,1,0,9,1,0,1,0,7,5,,,,,,,,,,,,,
14,88:36:00,"Shot by Nicolas Eble, misses high. (right foot free kick taken from outside the box, left side of the pitch, misses over the top (center of the goal))",Occidental,UCSC,1,6,Nicolas Eble,,10,2,0,15,1,0,4,0,13,10,,,,,,,,,,,,,
14,89:48:00,"Shot by #12 UCSC is saved by goalie. (header from the center of the box, to the right side of the goal).",UCSC,Occidental,2,0,Will Barba,,4,1,0,3,3,0,1,0,12,7,,,,,,,,,,,,,
15,4:50,"Ben Simon, Adrian Paredes, 30-yds+, off target, to the left, left foot, open play, not a fast break, no goal, pass",Occidental,La Verne,1,8,Ben Simon,Adrian Paredes,8,2,0,18,2,1,1,0,13,22,,,,,,,,,,,,,
15,5:40,"Marcus, outside the box, off target, too high, left foot, open play, not a fast break, no goal",Occidental,La Verne,1,9,Marcus Blumenfeld,,10,2,0,15,2,0,1,0,13,10,,,,,,,,,,,,,
15,8:57,"James Coe, left side of the box, on target, bottom left corner, left foot, open play, not a fast break, no goal",La Verne,Occidental,2,0,James Coe,,3,1,0,9,2,0,1,0,7,5,,,,,,,,,,,,,
15,11:00,"Adrian Paredes, 30-yds+, on target, center of the goal, right foot, open plat, not a fast break, no goal'",Occidental,La Verne,1,14,Adrian Paredes,,5,1,0,18,1,0,1,0,13,22,,,,,,,,,,,,,
15,11:27,"DeRueda, right wing, on target, center of the goal, right foot, open play, not a fast break, no goal",La Verne,Occidental,2,0,Johnny DeRueda,,5,1,0,5,1,0,1,0,23,6,,,,,,,,,,,,,
15,12:27,"Landeros, 25-yds+, on target, center of the goal, right foot, open play, not a fast break, no goal",La Verne,Occidental,2,0,Adrian Landeros,,5,1,0,17,1,0,1,0,13,17,,,,,,,,,,,,,
15,13:03,"James Coe, left side of the box, on target, bottom left corner, right foot, not a fast break, no goal",La Verne,Occidental,2,0,Daniel Ortega,,3,1,0,9,1,0,1,0,7,5,,,,,,,,,,,,,
15,15:49,"Adrian, 30-yds+, off target, too high, right foot, free kick, not a fast break, no goal, pass",Occidental,La Verne,1,14,Adrian Paredes,,10,2,0,18,1,1,4,0,13,22,,,,,,,,,,,,,
15,17:39,"Rodriguez, left wing, woodwork, top right corner, right foot, open play, not a fast break, no goal",La Verne,Occidental,2,0,Cesar Rodriguez,,13,4,0,4,1,0,1,0,2,6,,,,,,,,,,,,,
15,17:44,"DeRueda, right side of the box, on target, center of the goal, right foot, open play, not a fast break, no goal",La Verne,Occidental,2,0,Johnny DeRueda,,5,1,0,11,1,0,1,1,18,5,,,,,,,,,,,,,
15,17:55,"James Coe, very close range, off target, too high, right foot, open play, not a fast break, no goal",La Verne,Occidental,2,0,James Coe,,10,2,0,13,1,0,1,0,12,2,,,,,,,,,,,,,
15,34:00:00,"Marcus Blumenfeld, left side of the box, off target, high and wide, left foot, open play, not a fast break, no goal, cross",Occidental,La Verne,1,9,Marcus Blumenfeld,,6,2,0,9,2,2,1,0,7,5,,,,,,,,,,,,,
15,40:00:00,"David Paine, center of the box, blocked, blocked, right foot, open play, not a fast break, no goal",Occidental,La Verne,1,5,David Paine,,2,3,0,3,1,0,1,0,12,7,,,,,,,,,,,,,
15,43:24:00,"Tyler Wray, Miles Robertson, right wing, on target, top left corner, left foot, open play, not a fast break, no goal, through ball",Occidental,La Verne,1,17,Tyler Wray,Miles Robertson,12,1,0,5,2,4,1,0,23,6,,,,,,,,,,,,,
15,43:44:00,"Jake Foster, center of the box, on target, top right corner, right foot, open play, not a fast break, goal",Occidental,La Verne,1,18,Jake Foster,,13,1,1,3,1,0,1,0,12,7,,,,,,,,,,,,,
15,46:52:00,"Ben Simon, outside the box, blocked, blocked, right foot open play, not a fast break, no goal",Occidental,La Verne,1,8,Ben Simon,,2,3,0,15,1,0,1,0,13,10,,,,,,,,,,,,,
15,50:55:00,"Ben Simon, 30-yds+, off target, too high, left foot, open play, not a fast break, no goal",Occidental,La Verne,1,8,Ben Simon,,10,2,0,18,2,0,1,0,13,22,,,,,,,,,,,,,
15,63:13:00,"James Coe, left wing, on target, bottom left corner, right foot, open play, not a fast break, no goal",La Verne,Occidental,2,0,James Coe,,3,1,0,4,1,0,1,0,23,6,,,,,,,,,,,,,
15,67:50:00,"Logan Myers, 25-yds+, blocked, blocked, left foot, open play, not a fast break, no goal",Occidental,La Verne,1,16,Logan Myers,,2,3,0,18,2,0,1,0,13,22,,,,,,,,,,,,,
15,71:21:00,"Rodriguez, let side of the 6-yd box, off target, to the left, left foot, open play, not a fast break, no goal",La Verne,Occidental,2,0,Cesar Rodriguez,,8,2,0,10,2,0,1,0,10,2,,,,,,,,,,,,,
15,74:29:00,"Joey Schwartz, right wing, off target, too high, right foot, open play, not a fast break, no goal",Occidental,La Verne,1,19,Joey Schwartz,,10,2,0,5,1,0,1,0,23,6,,,,,,,,,,,,,
15,76:00:00,"Marcus Blumenfeld, outside the box, blocked, blocked, left foot, open play not a fast break, no goal",Occidental,La Verne,1,9,Marcus Blumenfeld,,2,3,0,15,2,0,1,0,13,10,,,,,,,,,,,,,
15,78:00:00,"Marcus Blumenfeld, Matthew Teplitz, outside the box, off target, to the right, left foot, open play, not a fast break, no goal, through ball",Occidental,La Verne,1,9,Marcus Blumenfeld,Matthew Teplitz,9,2,0,15,2,4,1,0,13,10,,,,,,,,,,,,,
15,89:09:00,"Garcia, left side of the box, on target, top left corner, left foot, open play, not a fast break, no goal, through ball",La Verne,Occidental,2,0,Jovanni Garcia,,12,1,0,9,2,4,1,0,7,5,,,,,,placement,outcome,is_goal,Location,bodypart,assist_method,situation,fastbreak
16,3:14,"Joey, right wing, on target, bottom left corner, right foot, open play, not a fast break, goal, pass",Occidental,Whittier,2,19,Joey Schwartz,Miles Robertson,3,1,1,5,1,1,1,0,23,6,,,,,,,,,,,,,
16,4:53,"right side of the box, off target, to the right, left foot, open play, not a fast break, no goal",Whittier,Occidental,1,0,RayRay Roberson,,9,2,0,11,2,0,1,0,18,5,,,,,,,,,,,,,
16,5:41,"30-yds+, off target, too high, right foot, open play, not a fast break, no goal",Whittier,Occidental,1,0,Sam Johnson,,10,2,0,18,1,0,1,0,13,22,,,,,,,,,,,,,
16,15:46,"Tep, right wing, blocked, blocked, right foot, open play, not a fast break, no goal",Occidental,Whittier,2,7,Matthew Teplitz,,2,3,0,5,1,0,1,0,23,6,,,,,,,,,,,,,
16,15:54,"center of the box, on target, bottom right corner, right foot, open play, not a fast break, no goal",Occidental,Whittier,2,9,Marcus Blumenfeld,,4,1,0,3,1,0,1,0,12,7,,,,,,,,,,,,,
16,17:32,"25-yds+, on target, center of the goal, right foot, open play, fast break, no goal",Whittier,Occidental,1,0,Banks Telkamp,,5,1,0,17,1,0,1,0,13,17,,,,,,,,,,,,,
16,46:47:00,"25-yds+, on target, center of the goal, left foot, open play, not a fast break, no goal, ",Whittier,Occidental,1,0,Matteo Loi,,5,1,0,17,2,0,1,0,13,17,,,,,,,,,,,,,
16,48:13:00,"center of the box, on target, bottomg right corner, right foot, open play, fast break, no goal",Whittier,Occidental,1,0,RayRay Roberson,,4,1,0,3,1,0,1,1,12,7,,,,,,,,,,,,,
16,49:04:00,"25-yds+, blocked, blocked, right foot, open play, not a fast break, no goal",Whittier,Occidental,1,0,Banks Telkamp,,2,3,0,17,1,0,1,0,13,17,,,,,,,,,,,,,
16,53:53:00,"outside the box, off target, too high, right foot, open play, not a fast break, no goal, pass",Whittier,Occidental,1,0,Matteo Loi,,10,2,0,15,1,1,1,0,13,10,,,,,,,,,,,,,
16,55:03:00,"right side of the 6-yd box, off target, to the right, right foot, open play, not a fast break, no goal, cross",Occidental,Whittier,2,13,Jack Meeker,,4,2,0,12,1,2,1,0,15,2,,,,,,,,,,,,,
16,78:45:00,"30-yds+, on target, center of the goal, left foot, open play, fast break, no goal, pass",Occidental,Whittier,2,16,Logan Myers,,5,1,0,18,2,1,1,1,13,22,,,,,,,,,,,,,
16,82:33:00,"right wing, on target, top left corner, right foot, open play, not a fast break, no goal",Occidental,Whittier,2,13,Jack Meeker,,12,1,0,5,1,0,1,0,23,6,,,,,,,,,,,,,
16,89:48:00,"outside the box, blocked, blocked, left foot, set piece, not a fast break, no goal",Whittier,Occidental,1,0,Banks Telkamp,,2,3,0,15,2,0,3,0,13,10,,,,,,,,,,,,,